key,name,cn_name,publisher,genre,track_count,first_date,spotify_id,status,reason_cn,desc_en,desc_cn,desc_official,apple_url,official_site
rih,The Rest Is History,其余皆为历史,Goalhanger,History,973,2020-10-28,7Cvsbcjhtur7nplC148TWy,G,历史顶流对谈；从中国史、冷战到科幻史都做，作者叙事强、信息密度高。,"Take a deep dive into History’s biggest moments with Tom Holland & Dominic Sandbrook. Explore the stories of History’s most brutal rulers, deadly battles, and world-changing events. From the rise and fall of the Roman Empire, the Nazi conquest of Europe, and Hitler’s evil master plan for world domination, to the French Revolution, the sinking of the Titanic, or the Norman Conquest of England in 1066, Tom and Dominic bring the past to life with gripping storytelling and expert analysis, as they unpack the high-drama moments that shaped our world. Join The Rest Is History Club: Unlock the full experience of the show – with exclusive bonus episodes, ad-free listening, early access",与汤姆·霍兰德、多米尼克·桑德布鲁克一起潜入历史最重要的瞬间：最残暴的统治者、最惨烈的战役与改变世界的事件——从罗马帝国的兴衰、纳粹的征服到冷战，还原权力、阴谋与灾难未被切碎的故事。,True,https://podcasts.apple.com/us/podcast/the-rest-is-history/id1537788786?uo=4,https://www.therestishistory.com/
rip,The Rest Is Politics,其余皆为政治,Goalhanger,Politics,646,2022-05-26,1Ysx8g1Iw42gESAtegrFaH,G,前工党幕僚长 × 前外交大臣的双视角时政拆解，全球议题与权力内幕。,"Alastair Campbell and Rory Stewart break down current affairs in the UK and abroad. The Rest Is Politics analyses the latest international news, provides debate on global issues, and reveals secrets from Westminster, whilst bringing back the lost art of disagreeing agreeably. With insider perspectives and expert analysis, The Rest Is Politics is the go-to podcast for anyone seeking intelligent, engaging discussions on British and global politics. The Rest Is Politics Plus: Join with a FREE TRIAL at therestispolitics.com for exclusive bonus content including Rory and Alastair’s first ever miniseries, early access to episodes and live show tickets, ad free listening, our exclusive newsletter,",阿拉斯泰尔·坎贝尔与罗里·斯图尔特拆解英国及全球时政：分析最新国际新闻、辩论全球议题、揭示威斯敏斯特内幕，并复兴一度失传的辩论艺术。,True,https://podcasts.apple.com/us/podcast/the-rest-is-politics/id1611374685?uo=4,https://www.therestispolitics.com/
ripus,The Rest Is Politics: US,其余皆为政治：美国版,Goalhanger,Politics,346,2024-04-23,1OY3nyGYqjIO4aWMW2feLy,G,白宫视角的美国政治镜像版，与主节目互补。,"TRIP US uncovers secrets from inside the White House inner circles as well as taking a wider look at the intricacies of United States society and how they shape the world's most important economy. The podcast is hosted by Anthony Scaramucci (The Mooch), former White House Director of Communications and Wall Street financier, and Katty Kay, US special correspondent for BBC who has been covering US politics for almost 30 years. Stay informed with in-depth discussions on key political events, policy changes, and the forces shaping America’s future on the global stage. New episodes released every Friday, or join our club for bonus content. Just head to https://therestispoliticsus.com t",（本节目 Spotify 官方简介）揭露白宫核心圈内幕，并俯瞰美国社会肌理与世界最重要经济体的运转。主持：安东尼·斯卡拉穆奇与凯蒂·凯。,True,https://podcasts.apple.com/us/podcast/the-rest-is-politics-us/id1743030473?uo=4,
riplead,The Rest Is Politics: Leading,其余皆为政治：领导者,Goalhanger,Politics,207,2023-01-13,0Z0KhuivFm1Ry4WIpWspPv,G,领导人主题长访谈：权力、人生与领导力哲学。,"The Rest Is Politics’ Alastair Campbell and Rory Stewart interview politicians, leaders, intellectuals, and more. From inside and outside of politics, guests join Rory and Alastair to discuss life, leadership, and the philosophy that’s led them to success in their chosen field. Their conversations cover key political events, global affairs, and the big ideas shaping the world today, offering listeners in-depth perspectives from those at the heart of change. The Rest Is Politics Plus: Become a member for exclusive bonus content, early access to Question Time episodes to live show tickets, ad-free listening for both TRIP and Leading, our exclusive newsletter, discount book prices on",《其余皆为政治》的延伸系列：坎贝尔与斯图尔特对话政治内外的领导人、知识分子等——从政治内部与外部，谈论人生、领导力，以及引领他们走到今日的那些哲学。,True,https://podcasts.apple.com/us/podcast/the-rest-is-politics-leading/id1665265193?uo=4,
rient,The Rest Is Entertainment,其余皆为娱乐,Goalhanger,TV & Film,391,2023-11-24,1mDl2B7a016YRXR2wSBy4T,G,影视/流媒体/奥斯卡产业内幕，聚会闲聊感十足的行业情报。,"Richard Osman & Marina Hyde share insider knowledge on TV, movies, and pop culture. Stay up to date on what's hot and what's not in entertainment with behind-the-scenes insights from Richard and Marina. As two of the most connected voices in the business, they provide a unique perspective on the latest television series, film releases, and cultural trends. Their podcast explores everything from media gossip to industry secrets, giving listeners the inside track on the world of showbiz. Whether you're a fan of gritty dramas, blockbuster movies, or celebrity news, this podcast is your ultimate guide to entertainment. Richard and Marina offer fresh, expert analysis on the latest hits, star",理查德·奥斯曼与玛丽娜·海德分享电视、电影与流行文化的内幕知识：什么正热、什么过气，来自两位圈内消息最灵通声音的幕后洞察。,True,https://podcasts.apple.com/us/podcast/the-rest-is-entertainment/id1718287198?uo=4,
rimoney,The Rest Is Money,其余皆为金钱,Goalhanger,Politics,307,2023-08-22,69DL3DIVIJZHpbSEzXs0Kc,G,宏观经济/AI 就业/住房/债务——财经硬话题的通俗拆解。,"Robert Peston and Steph McGovern bring you insightful business and finance stories. Join Robert Peston and Steph McGovern as they delve into the key challenges and opportunities facing today’s business world. From the complexities of tech investments to the impact of political decisions on global markets, this podcast offers valuable perspectives on current financial topics. Whether discussing business funding, economic policies, or corporate strategies, they provide listeners with the tools to understand today’s fast-evolving market. Each episode brings expert analysis on important issues, including market regulations, economic recovery, and the forces shaping the future of work. Robert and",罗伯特·佩斯顿与斯蒂芬·麦戈文带来精到的商业与金融故事：从科技投资到当下的关键挑战与机遇，拆解今天商业世界的复杂性。,True,https://podcasts.apple.com/us/podcast/the-rest-is-money/id1703785141?uo=4,
riclass,The Rest Is Classified,其余皆为机密,Goalhanger,History,271,2024-11-27,1Jn1HIW6I1AQnKVpsJHdEf,G,前 CIA 分析师 × 资深安全记者的真实谍报故事。,"Enter the secretive world of spies, espionage, and covert operations. Hosted by former CIA analyst turned spy novelist, David McCloskey, and veteran security correspondent, Gordon Corera, this podcast unravels real-life spy stories, intelligence secrets, and the hidden power struggles shaping global events. From Cold War espionage to modern-day intelligence agencies like the CIA, MI6, and Mossad, explore the world of double agents, classified missions, and the shadowy figures who operate in them. Whether you're a true crime addict, a thriller fan, or fascinated by spy stories, this is the show for you.",走进间谍、谍报与秘密行动的隐秘世界。曾任中情局分析师、现为间谍小说家的大卫·麦克洛斯基与资深安全记者戈登·科雷拉共同还原真实谍报故事与情报战。,True,https://podcasts.apple.com/us/podcast/the-rest-is-classified/id1780384916?uo=4,
blankcheck,Blank Check with Griffin & David,空白支票（Blank Check）,Blank Check Productions,Film Reviews,596,2015-10-01,4zmVd1CGeUCxAAMwGAwsFD,G,逐位导演全片单位长谈；作者论影迷的福音。,"Not just another bad movie podcast, Blank Check reviews directors' complete filmographies episode to episode. Specifically, the auteurs whose early successes afforded them the rare ‘blank check’ from Hollywood to produce passion projects. Each new miniseries, hosts Griffin Newman and David Sims delve into the works of film’s most outsized personalities in painstakingly hilarious detail. Produced by Ben Hosley.",不止是又一个烂片播客：Blank Check 一集集回顾导演的完整作品目录——尤其是那些早期成功换来好莱坞'空白支票'、得以拍摄心血之作的作者导演。每一档系列都深入一位影史最张扬创作者的全部作品。,True,https://podcasts.apple.com/us/podcast/blank-check-with-griffin-david/id981330533?uo=4,
filmcomment,The Film Comment Podcast,电影评论播客,Film Comment Magazine,TV & Film,597,2016-06-03,0Y9HVocBb0mYmuVLO8NahP,G,美国影评重刊官方播客，影评级深度。,"Founded in 1962, Film Comment has been the home of independent film journalism for over 50 years, publishing in-depth interviews, critical analysis, and feature coverage of mainstream, art-house, and avant-garde filmmaking from around the world. The Film Comment Podcast, hosted by editors Devika Girish and Clinton Krute, is a weekly space for critical conversation about film, with a look at topical issues, new releases, and the big picture. Film Comment is a nonprofit publication that relies on the support of readers. Support film culture. Support Film Comment.",1962 年创刊的《电影评论》五十余年来一直是独立电影写作的家园：深度访谈、批评分析与对全球主流、艺术电影及先锋电影的长篇报道；播客延续这份批判传统。,True,https://podcasts.apple.com/us/podcast/the-film-comment-podcast/id1051091555?uo=4,
purecinema,Pure Cinema Podcast,纯粹电影播客,Elric Kane & Brian Saur,TV & Film,272,2018-02-10,4xbAl28Rnh9la3khRm09lv,G,每周新片/老片/邪典/联映片单，补冷门利器。,"A weekly film podcast hosted by Elric Kane (of the Shock Waves podcast) and Brian Saur (of the Rupert Pupkin Speaks film blog) featuring discussions of new films, old films, double features, cult movies, filmmakers and movie lists among a smorgasbord of other Cinema-related things.",每周电影播客，由（Shock Waves 的）埃里克·凯恩与（Rupert Pupkin Speaks 影评博客的）布莱恩·绍尔主持：新片、老片、双片连映、邪典电影、影人与片单一应俱全。,True,https://podcasts.apple.com/us/podcast/pure-cinema-podcast/id1204885502?uo=4,
cinephiliacs,The Cinephiliacs,影迷学,Andrew Kiaroscuro and Daniel Dagesse,Film Interviews,8,2017-03-15,3XRuUQLY8mBIw0zqTsx5JN,G,学院派影评访谈；'ReWatch'重看经典环节极具价值。（官方简介未取到，此条为概述）,A Florida filmmaking podcast where we casually interview filmmakers and entertainers locally and from around the world.,影评人彼得·拉布扎主持的学院派电影对谈：'ReWatch' 环节逐场重看经典作品，并专访影史学者与批评家，硬核电影研究的播客版。,False,https://podcasts.apple.com/us/podcast/cinephiliacs/id1677340516?uo=4,
newbookssts,"New Books in Science, Technology, and Society",新书：科学·技术·社会,New Books Network,Social Sciences,2001,2016-01-16,7HXF18K7if2pUE59yGPDX0,G,STS 学者新书访谈频道，拉图尔/科学知识社会学的英文重镇。,"This podcast is a channel on the New Books Network. The New Books Network is an academic audio library dedicated to public education. In each episode you will hear scholars discuss their recently published research with another expert in their field. Discover our 150+ channels and browse our 28,000+ episodes on our website: ⁠newbooksnetwork.com⁠ Subscribe to our free weekly Substack newsletter to get informative, engaging content straight to your inbox: ⁠https://newbooksnetwork.substack.com/⁠ Follow us on Instagram and Bluesky to learn about more our latest interviews: @newbooksnetwork Support our show by becoming a premium member! https://newbooksnetwork.supportingcast.fm/science-technology",新书网（New Books Network）旗下频道。新书网是一座致力于公共教育的学术音频图书馆；每期由学者与同行专家对谈他们新近发表的研究。,True,https://podcasts.apple.com/us/podcast/new-books-in-science-technology-and-society/id498978442?uo=4,
techwontsaveus,Tech Won't Save Us,科技救不了我们,Paris Marx,Technology,357,2020-01-11,3UhsI7s4bkH1FcMZI5u9iD,G,批判科技的政治经济学：数据中心、AI 与平台权力。,"Governments are prioritizing data centers at the expense of communities and the planet, but it doesn’t have to be this way. Matt Haugen joins Paris Marx to discuss how national strategies are dismantling environmental protections while enriching a handful of megacorporations, and what an alternative agenda could look like. Matt Haugen is Research and Editorial Manager at the Climate and Community Institute. The podcast is made in partnership with The Nation. Production is by Kyla Hewson. Supp...",硅谷想塑造我们的未来，但我们凭什么让它这么做？每周四，巴黎·马克思与嘉宾一道批判性地审视科技产业、它的大承诺，以及背后的那些人。,True,https://podcasts.apple.com/us/podcast/tech-wont-save-us/id1507621076?uo=4,
econtalk,EconTalk,EconTalk 经济漫谈,Russ Roberts,Courses,1062,2006-03-16,4M5Gb71lskQ0Rg6e08uQhi,G,跨学科思想者访谈，科学哲学与 STS 味道浓。,"EconTalk: Conversations for the Curious is an award-winning weekly podcast hosted by Russ Roberts of Shalem College in Jerusalem and Stanford's Hoover Institution. The eclectic guest list includes authors, doctors, psychologists, historians, philosophers, economists, and more. Learn how the health care system really works, the serenity that comes from humility, the challenge of interpreting data, how potato chips are made, what it's like to run an upscale Manhattan restaurant, what caused the 2008 financial crisis, the nature of consciousness, the conflicts and history of the Middle East, and more. EconTalk has been taking the Monday out of Mondays since 2006. All 1000+ episodes ar",EconTalk：好奇者的对话（Conversations for the Curious），获奖周播节目，主持人是耶路撒冷沙勒姆学院与斯坦福胡佛研究所的罗斯·罗伯茨。嘉宾名单横跨作家、医生、心理学家、历史学家与哲学家。,True,https://podcasts.apple.com/us/podcast/econtalk/id135066958?uo=4,
philosophybites,Philosophy Bites,哲学小咬,Edmonds and Warburton,Philosophy,408,2007-06-02,6UmBytzR58EY4hN1jzQG2o,G,15 分钟哲学访谈，通勤友好；与哲学大家直接对话。,"David Edmonds (Uehiro Centre, Oxford University) and Nigel Warburton (freelance philosopher/writer) interview top philosophers on a wide range of topics. Two books based on the series have been published by Oxford University Press. We are currently self-funding - donations very welcome via our website http://www.philosophybites.com",牛津大学（上广中心）大卫·埃德蒙兹与自由哲学家奈杰尔·沃伯顿访谈顶级哲学家，话题覆盖广泛；以此系列为基础已出版两本牛津大学出版社著作。,True,https://podcasts.apple.com/us/podcast/philosophy-bites/id257042117?uo=4,https://philosophybites.com/
pel,The Partially Examined Life,半途而废的哲学人生,"Mark Linsenmayer, Wes Alwan, Seth Paskin, Dylan Casey",Philosophy,884,2010-03-11,1APpUKebKOXJZjoCaCfoVk,G,几位'想开了'的哲学博士逐段精读原著。,"The Partially Examined Life is a podcast by some guys who were at one point set on doing philosophy for a living but then thought better of it. Each episode, we pick a short text and chat about it with some balance between insight and flippancy. You don't have to know any philosophy, or even to have read the text we're talking about to (mostly) follow and (hopefully) enjoy the discussion. For links to the texts we discuss and other info, check out www.partiallyexaminedlife.com. We also feature episodes from other podcasts by our hosts to round out your partially examined life, including Pretty Much Pop (prettymuchpop.com, covering all media), Nakedly Examined Music (nakedlyexaminedmusic.com,",一档由几位曾经立志以哲学为业、后来'想开'了的人制作的播客。每期挑一小段文本，在洞见与插科打诨之间围绕它深聊；不需要哲学背景也能跟上。,True,https://podcasts.apple.com/us/podcast/the-partially-examined-life-philosophy-podcast/id318345767?uo=4,https://partiallyexaminedlife.com/
hpwag,History of Philosophy Without Any Gaps,无缝哲学史,Peter Adamson,Philosophy,506,2010-10-25,5NkIduNOSgSELCYIa4RaNq,G,按年代'无缝'走完整个哲学史，治史系哲学家的选择。,"Peter Adamson, Professor of Philosophy at the LMU in Munich and at King’s College London, takes listeners through the history of philosophy, ”without any gaps.” The series looks at the ideas, lives and historical context of the major philosophers as well as the lesser-known figures of the tradition. www.historyofphilosophy.net. NOTE: iTunes shows only the most recent 300 episodes; subscribe on iTunes or go to a different platform for the whole series.",慕尼黑 LMU 与伦敦国王学院哲学教授彼得·亚当森带你'没有一丝缝隙'地走完哲学史：考察各大哲学家的思想、生平与时代语境。,True,https://podcasts.apple.com/us/podcast/history-of-philosophy-without-any-gaps/id396903391?uo=4,
betweenthecovers,Between the Covers,书页之间,"David Naimon, Milkweed Editions",Books,331,2019-12-14,0P9Mwj5XvNZxEpkvJrjAU6,G,当代文学深度访谈；作家常客是村上、石黑、韩江级。,BOOKS ∙ WORKSHOPS ∙ PODCAST,作家大卫·奈蒙主持的著名文学播客：与今日最富活力的思想家进行慷慨而深入的文学对话，照亮当代写作的复杂性。,True,https://podcasts.apple.com/us/podcast/between-the-covers-conversations-with-writers-in/id583648001?uo=4,https://milkweed.org/between-the-covers
geeksguide,Geek's Guide to the Galaxy,极客银河指南,David Barr Kirtley,Arts,623,2013-01-04,56AQKnEAl8pkpMeo2KZWyF,G,科幻作家访谈殿堂：特德·姜、尼尔·盖曼级嘉宾。,"Ad-free episodes are available to our paid supporters over at patreon.com/geeks Host David Barr Kirtley, author of the book Save Me Plz and Other Stories, talks geek culture with guests such as Neil Gaiman, George R. R. Martin, Margaret Atwood, Richard Dawkins, Simon Pegg, Amanda Knox, Andrew Yang, Joyce Carol Oates, Neil deGrasse Tyson, and Ursula K. Le Guin. Geek’s Guide to the Galaxy has appeared on recommended podcast lists from NPR, The Guardian, Wired, The A.V. Club, BBC America, CBC Radio, WVXU, io9, Omni, The Strand, Library Journal, and Popular Mechanics. CBC Radio writes, ""You may not think a podcast about science fiction and fantasy would be the place to go for political ins",主持人、作家大卫·巴尔·柯特利与尼尔·盖曼、乔治·R·R·马丁、玛格丽特·阿特伍德等嘉宾畅谈极客文化——科幻与流行文化访谈的旗舰节目。,True,https://podcasts.apple.com/us/podcast/geeks-guide-to-the-galaxy-a-science-fiction-podcast/id395738416?uo=4,https://www.geeksguideshow.com/
parisreview,The Paris Review,巴黎评论,The Paris Review,Books,51,2018-10-24,6TydwAwFbh9V9ua1XNsO12,G,文学季刊最佳访谈/小说/诗歌的有声化。,"The Paris Review Podcast returns with a new season, featuring the best interviews, fiction, essays, and poetry from America’s most legendary literary quarterly, brought to life in sound. Join us for intimate conversations with Sharon Olds and Olga Tokarczuk; fiction by Rivers Solomon, Jun'ichirō Tanizaki, and Zach Williams; poems by Terrance Hayes and Maggie Millner; nonfiction by Robert Glück, Jean Garnett, and Sean Thor Conroe; and performances by George Takei, Lena Waithe, and many others. Catch up on earlier seasons, and listen to the trailer for Season 4 now. ]]>",《巴黎评论》播客带来美国最传奇文学季刊的最佳访谈、小说、随笔与诗歌，以声音重现；与莎伦·欧茨、奥尔加·托卡尔丘克等人的亲密交谈。,True,https://podcasts.apple.com/us/podcast/the-paris-review/id1300382225?uo=4,
backlisted,Backlisted,绝版好书榜,Backlisted,Books,272,2015-11-30,1avsCeXhwQOXcNO52VsmZ2,G,每一集介绍一本被时代遗忘的好书（英式扎实书话）。,The literary podcast that has been giving new life to old books since 2015. For show notes visit backlisted.fm and get an extra two shows a month by supporting the pod at patreon.com/backlisted,自 2015 年起让老书重获新生的文学播客。节目笔记见 backlisted.fm，并可通过 Patreon 支持获取每月额外两期节目。,True,https://podcasts.apple.com/us/podcast/backlisted/id1063252175?uo=4,https://www.backlisted.fm/
historyhit,Dan Snow's History Hit,丹·斯诺历史直击,History Hit,History,1640,2013-01-01,19ywAHxXEhulGqF9jS32Kg,G,每日历史档，二战/中世纪/冷战选题密集。,"Historian Dan Snow journeys across the globe to tell the stories of history's defining moments. From the Colosseum in Rome to the Great Wall of China, the battlefields of Waterloo to the Tomb of Tutankhamun, join Dan as he explores the how and why of the greatest monuments, battles, heroes, villains and events that have shaped our world. New episodes on Mondays and Thursdays with bonus subscriber only episodes every other Friday. You can get in touch with us at ds.hh@historyhit.com <br&g",历史学家丹·斯诺走遍全球讲述历史的决定性时刻：从罗马斗兽场到中国长城，从滑铁卢战场到图坦卡蒙墓。,True,https://podcasts.apple.com/us/podcast/dan-snows-history-hit/id1042631089?uo=4,
longnow,Long Now,漫长的当下,The Long Now Foundation,Society & Culture,331,2014-11-14,7n1yR56sQ4LRXyEWNZSpN4,G,长期主义思想演讲：技术哲学、文明尺度。,"The Long Now Foundation is a non-profit dedicated to fostering long-term thinking and responsibility. Explore hundreds of lectures and conversations from scientists, historians, artists, entrepreneurs, and more through The Long Now Foundation's award-winning Long Now Talks, started in 02003 by Long Now co-founder Stewart Brand (creator of the Whole Earth Catalog). Past speakers include Brian Eno, Neal Stephenson, Jenny Odell, Daniel Kahneman, Suzanne Simard, Jennifer Pahlka, Kim Stanley Robinson, and many more. Watch video of these talks at https://longnow.org/talks",长期现在基金会是一家致力于培育长期思考与责任的非营利机构：数百场科学家、历史学家、艺术家与企业家的讲座与对话。,True,https://podcasts.apple.com/us/podcast/long-now/id186908455?uo=4,
lrb,The LRB Podcast,伦敦书评播客,The London Review of Books,Society & Culture,471,,5qp7xVVpV5lavnMcm0zMN1,G,深度书评与观念批评的英音权威。,,（Spotify 页面未能机器核验，采用站内搜索直达）《伦敦书评》杂志的播客：评书、评观念，英国书评界最锋利的声音之一。,False,https://podcasts.apple.com/us/podcast/the-lrb-podcast/id510327102?uo=4,
sinica,Sinica Podcast,中国纵横,Kaiser Kuo,Politics,557,,1QlGMoMsAncoBdH9Uz5u4N,G,英文世界看中国的深度访谈节目。,,（官方简介概要）SupChina 旗下深度中国政治与社会访谈节目，由资深媒体人郭恺（Kaiser Kuo）主持/出品。,False,https://podcasts.apple.com/us/podcast/sinica-podcast/id1121407665?uo=4,https://www.sinicapodcast.com/
candidframe,The Candid Frame,坦率的取景框,Ibarionex R. Perello,Visual Arts,669,,2WiuIilqvFukFTpV86c8ds,G,摄影访谈：每位摄影师谈自己的创作与观看。,,（官方简介概要）摄影师访谈节目：与来自不同领域的摄影师对话，探讨他们的创作实践、想法与观看方式。,False,https://podcasts.apple.com/us/podcast/the-candid-frame-conversations-on-photography/id127842171?uo=4,https://www.ibarionex.net/thecandidframe
videoarchives,The Video Archives Podcast with Quentin Tarantino & Roger Avary,录像档案播客（昆汀·塔伦蒂诺 × 罗杰·艾弗里）,Video Archives Podcast,Film History,43,2022-07-12,1mPDGdCtnT31VJR8Ei6Mnf,,昆汀·塔伦蒂诺与罗杰·艾弗里重刷当年打工的录像店库存：不是影评，是两个奥斯卡编剧把 B 级片当作者论讲。,"FULL, AD FREE EPISODES ON PATREON.COM/VIDEOARCHIVES Quentin Tarantino & Roger Avary invite you to become a customer at Video Archives, the video store where it all began. Joined by their trusty producer Gala Avary, they'll travel back in time to revisit old classics and discover new favorites, pulled from the thousands of actual VHS tapes that Quentin & Roger used to recommend to customers back in the day at the ori…",昆汀·塔伦蒂诺与罗杰·艾弗里邀请你成为 Video Archives 录像店的顾客——这家店正是他们电影生涯的起点。两人与制片人加拉·艾弗里一起，从店里数万盘录像带中挑片重看、闲聊争论。,True,https://podcasts.apple.com/us/podcast/id1627069896?uo=4,
ymrt,You Must Remember This,你是否还记得（好莱坞秘史）,Karina Longworth,TV & Film,276,2014-04-01,2sYCMjQed0gHYtXzPvcj5K,,好莱坞头一百年的秘史正传：曼森、黑名单、梦露——考据型影史叙事的天花板。,"You Must Remember This is a storytelling podcast exploring the secret and/or forgotten histories of Hollywood’s first century. It’s the brainchild and passion project of Karina Longworth (founder of Cinematical.com, former film critic for LA Weekly), who writes, narrates, records and edits each episode. It is a heavily-researched work of creative nonfiction: navigating through conflicting reports, mythology, and ins…",由 Karina Longworth 打造的叙事型播客，探索好莱坞第一个百年的秘密与被遗忘的历史：明星、丑闻、审查与权力。,True,https://podcasts.apple.com/us/podcast/id858124601?uo=4,
filmspotting,Filmspotting,电影 spotting,Filmspotting,Film Reviews,181,2005-03-01,64hSJ12039GyxN2FZrueUd,,2005 年开播的影评常青树：新片评论 + Top 5 片单，美国影评播客的制度性存在。,"Adam Kempenaar and Josh Larsen review new and classic movies, offering ""affable, insightful film analysis since 2005"" (NY Times).",Adam Kempenaar 与 Josh Larsen 评论新片与经典，《纽约时报》称其“自 2005 年以来和蔼而洞明的电影分析”。,True,https://podcasts.apple.com/us/podcast/id73330112?uo=4,
screendrafts,Screen Drafts,银幕选秀,Clay Keller and Ryan Marker,Film Reviews,417,2019-02-01,5qXizYahLTEgZSS7Cos9jB,,影评人轮流选秀建“最佳片单”：库布里克、科恩兄弟、1999……游戏机制里藏着正典社会学。,"Experts and enthusiasts competitively collaborate in the creation of screen-centric ""best of"" lists. Hosted by draft commissioners Clay Keller and Ryan Marker. ""Most impeccable taste in guests."" - Entertainment Weekly",专家与发烧友竞争性合作，围绕电影主题构建“最佳”榜单；由选秀专员 Clay Keller 与 Ryan Marker 主持。,True,https://podcasts.apple.com/us/podcast/id1431963108?uo=4,
teamdeakins,Team Deakins,迪金斯团队,"James Ellis Deakins, Roger Deakins",Film Interviews,370,2020-04-01,4MZfJbM2MXzZdPbv6gi5lJ,,摄影大师 Roger Deakins 夫妇的对谈节目：导演、演员、摄影指导轮流进直播间，谈手艺不谈八卦。,"The Team Deakins podcast is an ongoing conversation between acclaimed cinematographer Roger Deakins and James Deakins, his collaborator, about cinematography, the film business and whatever other questions are submitted. We start with a specific question and end....who knows where! We are joined by guests periodically. Followup questions can be posted in the forums at www.rogerdeakins.com.",著名摄影指导 Roger Deakins 与合作者 James Deakins 的持续对谈：聊摄影、电影行业与听众提交的各种问题。,True,https://podcasts.apple.com/us/podcast/id1510638084?uo=4,
newyorkerfiction,The New Yorker: Fiction,纽约客小说播客,The New Yorker,Books,234,2007-05-01,2IHYyH87D5gDc4UH61YcrU,,作家读《纽约客》档案里的老故事并细谈——文学批评以“朗读+对读”的形式发生。,A monthly reading and conversation with the New Yorker fiction editor Deborah Treisman.,每月一期：《纽约客》小说编辑 Deborah Treisman 邀请一位作家朗读杂志档案中的一篇短篇小说，并交谈背后的写作。,True,https://podcasts.apple.com/us/podcast/id256945396?uo=4,
bookworm,Bookworm,书虫（KCRW）,KCRW,Books,1622,1989-01-01,6IIJLHP6FHZd8eyvtqFgPM,,Michael Silverblatt 主持三十余年的文学访谈传奇：莫里森、石黑一雄、桑德斯都曾坐进他的录音间。,"<p>Intellectual, accessible, and provocative literary conversations.</p>",智性、可亲而尖锐的文学对谈——KCRW 旗舰文学节目。,True,https://podcasts.apple.com/us/podcast/id73330484?uo=4,
literaryfriction,Literary Friction,文学摩擦,Literary Friction,Arts,158,2018-01-01,3zPKei9f1grZGwSz3yKbEb,,文学经纪人 × 学者双主持：每期一个主题（约束/女性主义/亲密）配一位作家深访，批评味最足的当代文学节目。,"A monthly conversation about books and ideas on NTS Radio hosted by friends Carrie Plitt, a literary agent, and Octavia Bright, a writer and academic. Each show features an author interview, book recommendations, lively discussion and a little music too, all built around a related theme - anything from the novella to race to masculinity. Listen live on NTS Radio www.nts.live",NTS Radio 上的月更读书节目：文学经纪人 Carrie Plitt 与作家学者 Octavia Bright 每期采访一位作家并给出主题书单。,True,https://podcasts.apple.com/us/podcast/id1000387053?uo=4,
inourtimeculture,In Our Time: Culture,我们的时代：文化,BBC Radio 4,History,207,2011-01-01,2B3OBjwY0aFXEa7ey1fjMh,,Melvyn Bragg 召集三位学者四十五分钟讲透一个文化正典条目：《米德尔马契》《第七封印》都是一堂课。,"<p>Popular culture, poetry, music and visual arts and the roles they play in our society.</p>",大众文化、诗歌、音乐与视觉艺术，以及它们在社会中的角色——BBC Radio 4 旗舰讨论节目的文化线。,True,https://podcasts.apple.com/us/podcast/id463700760?uo=4,
asmallvoice,A Small Voice: Conversations with photographers and filmmakers,小小声音（摄影深访）,Ben Smith,Visual Arts,288,2015-03-01,3IGrxj5Y4tkeogCz3w4GwJ,,Ben Smith 主持的英国摄影深访双周刊：从大师到新人都聊人生与过程，Stephen Shore 第 192 期是入门首选。,"Fortnightly in-depth interviews featuring a diverse range of talented, innovative, world-class photographers from established, award-winning and internationally exhibited stars to young and emerging talents discussing their lives, work and process with fellow photographer, Ben Smith.",摄影师 Ben Smith 每两周一期的深度访谈：从获奖大师到新兴人才，聊生活、作品与创作过程。,True,https://podcasts.apple.com/us/podcast/id1039540784?uo=4,
photowork,PhotoWork with Sasha Wolf - Photography Podcast,摄影作品（Sasha Wolf 访谈）,PhotoWork Foundation,Visual Arts,124,2020-09-01,3KtFXGjuyFptvcVTJzFsrK,,摄影书出版人 Sasha Wolf 的职业向深访：Alec Soth、Ocean Vuong、Mitch Epstein 都来聊'如何以摄影为生'。,"PhotoWork with Sasha Wolf is a photography podcast produced by the PhotoWork Foundation, featuring in-depth interviews with photographers, curators, and publishers. Episodes explore photobooks, artistic practice, long-term projects, and fine art photography today.",PhotoWork 基金会出品的摄影播客：与摄影师、策展人、出版人深谈摄影书、艺术实践与长期项目。,True,https://podcasts.apple.com/us/podcast/id1523742299?uo=4,
abrushwith,A brush with...,艺术之笔（Art Newspaper 艺术家自述）,The Art Newspaper,Visual Arts,144,2020-08-01,7I2YOBCNy4lRyyXte3Yl3r,,Ben Luke 请艺术家自述影响图谱：从文学音乐到美术馆，Tillmans、Kentridge、Thomas Ruff 都做过客。,"A brush with..., sponsored by Bloomberg Connects, is a podcast by The Art Newspaper that features in-depth conversations with leading international artists. Host Ben Luke asks the questions you've always wanted to: who are the artists, historical and contemporary, they most admire?",《艺术新闻》播客：Ben Luke 与国际顶尖艺术家深谈他们最崇拜的艺术家、常去的美术馆、启发他们的书与音乐——以及'艺术为了什么'。,True,https://podcasts.apple.com/us/podcast/id1525997434?uo=4,
talkart,Talk Art,聊艺术（Tovey × Diament）,Russell Tovey and Robert Diament,Visual Arts,388,2018-11-01,1rnFysoDaQrO7YSTJYSQmb,,演员 Russell Tovey × 画廊主 Robert Diament 的每周艺术闲谈：名人嘉宾入场门槛最低的当代艺术入口。,"Talk Art is a podcast released every week by actor Russell Tovey and gallerist Robert Diament, featuring accessible and entertaining conversations with artists, museum directors, collectors and celebrities about art and why it matters.",演员 Russell Tovey 与画廊主 Robert Diament 每周更新：与艺术家、馆长、藏家和名人轻松聊艺术为何重要。,True,https://podcasts.apple.com/us/podcast/id1439567112?uo=4,
artangle,The Art Angle,艺术视角（Artnet 新闻）,Artnet News,Visual Arts,375,2019-10-01,0W9WRDW5EaTsNmKxrACLeq,,Artnet 新闻部每周把艺术圈最大新闻讲成人话：市场、博物馆、丑闻与趋势的一手内幕。,"A weekly podcast that brings the biggest stories in the art world down to earth. Go inside the newsroom of the art industry's most-read media outlet, Artnet News, for an in-depth view of what matters most in museums, the market, and much more.",每周一期，走进艺术行业读者最多的新闻编辑部：博物馆、市场与大事记的深度拆解。,True,https://podcasts.apple.com/us/podcast/id1484445852?uo=4,
messytruth,The Messy Truth - Conversations on Photography,摄影的真相（Gem Fletcher）,Gem Fletcher,Visual Arts,109,2019-05-01,6k4j66ihRSzSechzMl6AiN,,图片总监 Gem Fletcher 拆解行业里没人说的部分：Catherine Opie、Charlotte Cotton、Laia Abril 都来交底。,"Photo Director Gem Fletcher hosts The Messy Truth, a podcast dedicated to the world of contemporary photography featuring exclusive interviews with emerging and leading artists, curators and critics.",图片总监 Gem Fletcher 主持：与当代摄影的新锐与领军艺术家、策展人、批评家坦诚对谈， unpack 图像如何塑造世界。,True,https://podcasts.apple.com/us/podcast/id1459128692?uo=4,
righteyedominant,Right Eye Dominant,右眼主导（Nick Tauro Jr.）,Nick Tauro Jr.,Visual Arts,108,2020-07-01,7fBBPsmRsTRMiEI4ReME6i,,摄影师 Nick Tauro Jr. 的个人摄影课堂：Robert Frank 百期特辑、Burtynsky、Lev Manovich 谈 AI 时代的模拟记忆。,"A photography-focused podcast that delves into the creative process, and the trials and tribulations of bringing lasting value to your artwork, regardless of the medium.",聚焦创作过程的摄影播客：创作者访谈、自出版zine、伟大摄影书、展览与被忽视的英雄。,True,https://podcasts.apple.com/us/podcast/id1582696553?uo=4,
analogtalk,Analog Talk,胶片漫谈,Analog Talk,Visual Arts,220,2017-06-01,5n1Gv4962DdBWXLjLhncH7,,胶片复兴一线的社区播客：Alec Soth 第 154 期之外，大画幅、宝丽来、中国胶片生态都有专集。,A film photography podcast.,一档胶片摄影播客。,True,https://podcasts.apple.com/us/podcast/id1251546502?uo=4,
areweonair,ARE WE ON AIR ?,我们开播了吗（文化名流原声）,Arman Naféei,Music Interviews,147,2020-04-01,3jkmlUkOfQqofQabtYhU4Q,,文化推手 Arman Naféei 探访全球文化名人的'人生原声'：Tillmans 那期从宇宙聊到俱乐部文化。,"Are We On Air ? is a weekly interview series by Arman Naféei exploring the life's soundtrack of global cultural figures and personalities within the fields of music, film, art, fashion, life and culture.",Arman Naféei 的每周访谈系列：探索音乐、电影、艺术、时尚领域全球文化人物的'人生配乐'。,True,https://podcasts.apple.com/us/podcast/id1509599164?uo=4,
fost,Future of StoryTelling (FoST),故事的未来,Future of StoryTelling,Design,164,2019-06-01,496MvZ6ZfyW9nqAqyCpdNO,,讲故事的科学：Stephen Shore 两度做客谈'照片与故事'——影像叙事的最佳交叉点。,"The Future of StoryTelling (FoST) is a passionate community of people from the worlds of media, technology, and communications who believe that better stories can create a better world.",FoST 是由媒体、科技与传播界组成的社群，相信更好的故事能创造更好的世界；播客访谈叙事前沿的实践者。,True,https://podcasts.apple.com/us/podcast/id1501861146?uo=4,
emulsions,Emulsions Podcast,乳剂（胶片摄影播客）,Emulsions Podcast,Arts,74,2022-01-01,4W1mVrmFWuJEf24bMjQ9fN,,年轻一代的胶片播客：Stephen Shore 2023/2025 两度长访，谈 Uncommon Places 之后的人生。,Film photography podcast from Stephen K. Schuster and Hollis Monk Thayer.,Stephen K. Schuster 与 Hollis Monk Thayer 主持的胶片摄影播客。,True,https://podcasts.apple.com/us/podcast/id1674718099?uo=4,
thoughtpieces,Thought Pieces,思想片段（MACK 出版社）,MACK,Arts,16,2021-09-01,02Igw8mrCFSf09Ykhi4W4w,,摄影书名社 MACK 官方播客：作者亲读自己的艺术写作——Stephen Shore 读《Modern Instances》是代表集。,"Thought Pieces, the podcast from celebrated publisher MACK, brings you the best of arts writing across literature, poetry and criticism. Each week, discover a new piece of writing, read by the artist or writer themself.",著名出版社 MACK 的播客：汇集文学、诗歌与批评领域的最佳艺术写作，每周由作者本人朗读一篇。,True,https://podcasts.apple.com/us/podcast/id1586614939?uo=4,
nbn_socio,New Books in Sociology,社会学新书（NBN）,New Books Network,Social Sciences,996,2015-01-01,4C00Q5pCTCpTVjOX5Fzgbu,,社会学家亲自讲自己的新书：科技劳工、阶层再生产、数字资本主义……NBN 旗下社会学正统频道。,"Interviews with sociologists about their new books, covering inequality, culture, technology, migration, education and the full breadth of the discipline.",New Books Network 社会学频道：每期由学者访谈同行，讨论其新近出版的研究专著。,False,https://podcasts.apple.com/us/podcast/id425683368?uo=4,
socbites,Social Science Bites,社会科学小咬（SAGE）,SAGE Publishing,Social Sciences,120,2012-10-01,13BcvdCZQl3CiF8NimP7xa,,Philosophy Bites 团队打造：David Edmonds 每集 15 分钟采访一位顶尖社会科学家——Lamont 论污名即在此。,"In this series of illuminating podcasts, hear Dave Edmonds interview leading social scientists to learn their perspectives on how our social world is created, and how social science can help us understand people and how they behave.",Dave Edmonds 采访顶尖社会科学家：听他们讲社会世界如何被建构、社会科学如何帮助我们理解人与行为。,True,https://podcasts.apple.com/us/podcast/id524122804?uo=4,
taop,Talking About Organizations Podcast,漫谈组织（组织理论精读）,Talking About Organizations,Management,363,2016-01-01,1CPbRaXU70DyaEHSkyVrEF,,逐本精读组织研究经典：第 67/109 期整两期精读 Andrew Abbott《The System of Professions》——分形区分作者的另一场重头戏。,"Talking About Organizations is a conversational podcast where we talk about one book, journal article or idea per episode and try to understand it, its purpose and its impact.",每周精读一本组织理论/管理科学经典：理解它的目的与影响，从韦伯到梅奥到当代。,True,https://podcasts.apple.com/us/podcast/id1048407075?uo=4,
givetheory,give theory a chance,给理论一次机会,The Society Pages,Social Sciences,69,2019-01-01,2FxMB6f1Chzr5kjE11fxMJ,,The Society Pages 出品的社会理论播客：把经典理论与当下议题接通，课堂级的理论对谈。,"A podcast about social theory from The Society Pages, featuring conversations with theorists about theory and its uses.",The Society Pages 旗下的社会理论播客：与理论家对话，聊理论及其用途。,False,https://podcasts.apple.com/us/podcast/id1493451695?uo=4,
uncommonsense,Uncommon Sense,非常识（Sociological Review 官方）,The Sociological Review Foundation,Social Sciences,53,2020-06-01,1JNi8ZKs55ozIIGiD6SVTB,,《社会学评论》基金会官方播客：英国社会学界的公共声音，主题从算法社会到气候正义。,"Uncommon Sense is the podcast from The Sociological Review Foundation, expanding what it means to be sociological through conversations with researchers, writers and artists.",《社会学评论》基金会的播客：通过与研究者、作家、艺术家的对话，拓展'社会学的想象力'的边界。,True,https://podcasts.apple.com/us/podcast/id1618747015?uo=4,
